{"name":"40ed5113-6937-44cc-9580-b5b012d1654f","id":"/providers/Microsoft.Flow/flows/40ed5113-6937-44cc-9580-b5b012d1654f","type":"Microsoft.Flow/flows","properties":{"apiId":"/providers/Microsoft.PowerApps/apis/shared_logicflows","displayName":"Handshake_Application","definition":{"metadata":{"workflowEntityId":null,"processAdvisorMetadata":null,"flowChargedByPaygo":null,"flowclientsuspensionreason":"None","flowclientsuspensiontime":null,"flowclientsuspensionreasondetails":null,"creator":{"id":"d067ed0e-df2d-4342-a672-090f1b270fa5","type":"User","tenantId":"f5222e6c-5fc6-48eb-8f03-73db18203b63"},"provisioningMethod":"FromDefinition","failureAlertSubscription":true,"clientLastModifiedTime":"2025-03-02T14:41:37.7725277Z","connectionKeySavedTimeKey":"2025-03-02T14:41:37.7725277Z","creationSource":"Portal","modifiedSources":"Portal"},"$schema":"https://schema.management.azure.com/providers/Microsoft.Logic/schemas/2016-06-01/workflowdefinition.json#","contentVersion":"1.0.0.0","parameters":{"$authentication":{"defaultValue":{},"type":"SecureObject"},"$connections":{"defaultValue":{},"type":"Object"}},"triggers":{"When_a_new_email_arrives_(V3)":{"splitOn":"@triggerOutputs()?['body/value']","metadata":{"operationMetadataId":"3b668e9c-01e7-4a0d-95c4-01a892dd0e2d"},"type":"OpenApiConnectionNotification","inputs":{"parameters":{"subjectFilter":"Application submitted to","importance":"Any"},"host":{"apiId":"/providers/Microsoft.PowerApps/apis/shared_office365","connectionName":"shared_office365","operationId":"OnNewEmailV3"},"authentication":"@parameters('$authentication')"}}},"actions":{"Condition":{"actions":{"Set_variable_-_Length":{"metadata":{"operationMetadataId":"1f06b8b4-73d5-4d63-b691-435f4186b3d1"},"type":"SetVariable","inputs":{"name":"Length","value":"@sub(indexOf(variables('Raw Email Body'),' at '),add(indexOf(variables('Raw Email Body'),' to '),4))"}},"Set_variable_-_Job_Title":{"runAfter":{"Set_variable_-_Length":["Succeeded"]},"metadata":{"operationMetadataId":"39bdd3aa-f4d2-4ffd-b1f1-0672ec043738"},"type":"SetVariable","inputs":{"name":"Job Title","value":"@substring(variables('Raw Email Body'),add(indexOf(variables('Raw Email Body'),' to '),4),variables('Length'))"}},"Set_variable_-_Company_Length":{"runAfter":{"Set_variable_-_Job_Title":["Succeeded"]},"metadata":{"operationMetadataId":"9a0b8466-22a6-431d-ba13-80296e5afe73"},"type":"SetVariable","inputs":{"name":"Company length","value":"@sub(indexOf(variables('Raw Email Body'),' on '),add(indexOf(variables('Raw Email Body'),' at '),4))"}},"Set_variable_-_Company_Name":{"runAfter":{"Set_variable_-_Company_Length":["Succeeded"]},"metadata":{"operationMetadataId":"0fa3a98b-c890-48c4-82bc-5fc837d5094d"},"type":"SetVariable","inputs":{"name":"Company Name","value":"@substring(variables('Raw Email Body'),add(indexOf(variables('Raw Email Body'),' at '),4),variables('Company length'))"}},"Set_variable_-_Job_Location_Length_Raw":{"runAfter":{"Set_variable_-_Company_Name":["Succeeded"]},"metadata":{"operationMetadataId":"00379d35-d6d0-4686-92e3-18491c4e1f37"},"type":"SetVariable","inputs":{"name":"Raw Job Location Length Raw","value":"@sub(indexOf(variables('Raw Body'),'</div></div></div></div></div></div></td></tr><tr'),add(indexOf(variables('Raw Body'),'606384'),8))"}},"Set_variable_-_Location_Name":{"runAfter":{"Set_variable_-_Job_Location_Length_Raw":["Succeeded"]},"metadata":{"operationMetadataId":"fa2c4ab2-d983-4a66-97b5-99f4e9770ca7"},"type":"SetVariable","inputs":{"name":"Location Name","value":"@substring(variables('Raw Body'),add(indexOf(variables('Raw Body'),'606384'),8),variables('Raw Job Location Length Raw'))"}},"Set_variable_-_Link_Test":{"runAfter":{"Set_variable_-_Location_Name":["Succeeded"]},"metadata":{"operationMetadataId":"5a211ce2-670b-48d6-b5fc-4917d7d48bc9"},"type":"SetVariable","inputs":{"name":"Link test","value":"@substring(variables('Raw Body'),indexOf(variables('Raw Body'),'Nice work'),1000)"}},"Set_variable_-_Link":{"runAfter":{"Set_variable_-_Link_Test":["Succeeded"]},"metadata":{"operationMetadataId":"c0d795d3-1eb6-4ec5-b087-658761307ebc"},"type":"SetVariable","inputs":{"name":"Link","value":"@split(split(variables('Link test'), 'href=\"')[1], '\"')[0]\n"}}},"runAfter":{"Length_JL_Comp_Name":["Succeeded"]},"else":{"actions":{"Set_variable_-_Company_Name_JL":{"runAfter":{"Set_Variable_-_Length_JL_Comp_Name":["Succeeded"]},"metadata":{"operationMetadataId":"ead3a3dc-c331-4201-a4c1-438f6fa086f8"},"type":"SetVariable","inputs":{"name":"Company Name","value":"@substring(variables('Raw Body'),add(indexOf(variables('Raw Body'),'Company'),9), variables('Length JL Comp Name'))"}},"Set_Variable_-_Length_JL_Comp_Name":{"metadata":{"operationMetadataId":"3306321a-c4c3-4706-8a0c-23841698acfd"},"type":"SetVariable","inputs":{"name":"Length JL Comp Name","value":"@sub(sub(indexOf(triggerOutputs()?['body/body'],'Location'),5),add(indexOf(triggerOutputs()?['body/body'],'Company'),6))"}},"Set_variable_-_Job_Title_JL":{"runAfter":{"Set_variable_-_Company_Name_JL":["Succeeded"]},"metadata":{"operationMetadataId":"7f0e2453-a8c3-4eb6-a706-9e3b935a1c94"},"type":"SetVariable","inputs":{"name":"Job Title","value":"@substring(variables('Raw Body'),add(indexOf(variables('Raw Body'),'Job Title'),11),sub(indexOf(variables('Raw Body'),'Company'),add(indexOf(variables('Raw Body'),'Job Title'),13)))"}},"Set_variable_-_Location_JL":{"runAfter":{"Set_variable_-_Job_Title_JL":["Succeeded"]},"type":"SetVariable","inputs":{"name":"Location Name","value":"@substring(variables('Raw Body'),add(indexOf(variables('Raw Body'),'Location'),10),sub(indexOf(variables('Raw Body'),'Link'),add(indexOf(variables('Raw Body'),'Location'),12)))"}},"Set_variable_-_Link_JL":{"runAfter":{"Set_variable_-_Location_JL":["Succeeded"]},"type":"SetVariable","inputs":{"name":"Link","value":"@substring(variables('Raw Body'),add(indexOf(variables('Raw Body'),'Link:'),6),sub(indexOf(variables('Raw Body'),'This is'),add(indexOf(variables('Raw Body'),'Link:'),10)))"}}}},"expression":{"and":[{"contains":["@triggerOutputs()?['body/from']","handshake"]}]},"metadata":{"operationMetadataId":"57f2b113-d76a-4ef4-977f-3e7388df9146"},"type":"If"},"Raw_Email_Body":{"runAfter":{},"metadata":{"operationMetadataId":"b5c189cd-5650-40e8-a81b-80f5864fd8c3"},"type":"InitializeVariable","inputs":{"variables":[{"name":"Raw Email Body","type":"string","value":"@triggerOutputs()?['body/bodyPreview']"}]}},"Length_of_job_title":{"runAfter":{"Raw_Email_Body":["Succeeded"]},"metadata":{"operationMetadataId":"836fafb1-7b3c-4bea-aa0f-802c558e07c2"},"type":"InitializeVariable","inputs":{"variables":[{"name":"Length","type":"integer"}]}},"Job_Title":{"runAfter":{"Length_of_job_title":["Succeeded"]},"metadata":{"operationMetadataId":"296b28ec-27da-4b63-9d5e-f787b47a8a50"},"type":"InitializeVariable","inputs":{"variables":[{"name":"Job Title","type":"string"}]}},"Length_of_company_name":{"runAfter":{"Job_Title":["Succeeded"]},"metadata":{"operationMetadataId":"1597e359-317a-4493-9c85-f1234d8c3733"},"type":"InitializeVariable","inputs":{"variables":[{"name":"Company length","type":"integer"}]}},"Company_Name":{"runAfter":{"Length_of_company_name":["Succeeded"]},"metadata":{"operationMetadataId":"52634a12-cf15-4945-b5a3-70702a05a2f8"},"type":"InitializeVariable","inputs":{"variables":[{"name":"Company Name","type":"string"}]}},"Date_Applied":{"runAfter":{"Company_Name":["Succeeded"]},"metadata":{"operationMetadataId":"774f6bc4-44de-4e89-858c-a4aa0a3b6bd5"},"type":"InitializeVariable","inputs":{"variables":[{"name":"Date Applied","type":"string","value":"@convertFromUtc(utcNow(), 'Eastern Standard Time', 'MM/dd/yyyy')"}]}},"Raw_Body":{"runAfter":{"Date_Applied":["Succeeded"]},"metadata":{"operationMetadataId":"66b810b3-95cb-40a4-91fc-0c4e24517053"},"type":"InitializeVariable","inputs":{"variables":[{"name":"Raw Body","type":"string","value":"@triggerOutputs()?['body/body']"}]}},"Job_Location_Length_Raw":{"runAfter":{"Raw_Body":["Succeeded"]},"metadata":{"operationMetadataId":"022f99b2-422e-4bee-98db-bf3a0a13a210"},"type":"InitializeVariable","inputs":{"variables":[{"name":"Raw Job Location Length Raw","type":"integer"}]}},"Location_Name":{"runAfter":{"Job_Location_Length_Raw":["Succeeded"]},"metadata":{"operationMetadataId":"d31dd342-bae0-478e-9259-d26e60e53e9a"},"type":"InitializeVariable","inputs":{"variables":[{"name":"Location Name","type":"string"}]}},"Link_test":{"runAfter":{"Location_Name":["Succeeded"]},"metadata":{"operationMetadataId":"cc804f91-71c1-479b-bcf4-aab3f86deb75"},"type":"InitializeVariable","inputs":{"variables":[{"name":"Link test","type":"string"}]}},"Link":{"runAfter":{"Link_test":["Succeeded"]},"metadata":{"operationMetadataId":"aa477e49-274f-4455-b55e-c545b3ae7aab"},"type":"InitializeVariable","inputs":{"variables":[{"name":"Link","type":"string"}]}},"Length_JL_Comp_Name":{"runAfter":{"Link":["Succeeded"]},"metadata":{"operationMetadataId":"3cf98591-fb54-419a-b512-1406ab7c936e"},"type":"InitializeVariable","inputs":{"variables":[{"name":"Length JL Comp Name","type":"integer"}]}},"Add_a_row_into_a_table":{"runAfter":{"Condition":["Succeeded"]},"metadata":{"01QQMQKVZDPOXXB4MDH5BYNKKZMNKEQLCP":"/Documents/UC/UC Spring 2025/Hackathon Spring 2025/Job Tracking.xlsx","tableId":"{00015582-4DCB-4DC8-BA68-FAEF892C3C7A}","operationMetadataId":"42861f83-20e9-464f-8bdc-2eb26d9bc9b1"},"type":"OpenApiConnection","inputs":{"parameters":{"source":"me","drive":"b!v_ge1oiNpk27_uxn12wAKpGgQW631slJk8vjYm8sPxgpyjAidKS-TqCb76pe8iwP","file":"01QQMQKVZDPOXXB4MDH5BYNKKZMNKEQLCP","table":"{00015582-4DCB-4DC8-BA68-FAEF892C3C7A}","item/Company Name":"@variables('Company Name')","item/Job Position":"@variables('Job Title')","item/Location":"@variables('Location Name')","item/Date Applied":"@variables('Date Applied')","item/Link":"@variables('Link')"},"host":{"apiId":"/providers/Microsoft.PowerApps/apis/shared_excelonlinebusiness","connectionName":"shared_excelonlinebusiness","operationId":"AddRowV2"},"authentication":"@parameters('$authentication')"}}},"outputs":{}},"connectionReferences":{"shared_office365":{"connectionName":"shared-office365-f0245a04-61eb-4c31-b19d-c22a996ee0f0","source":"Embedded","id":"/providers/Microsoft.PowerApps/apis/shared_office365","tier":"NotSpecified","apiName":"office365"},"shared_excelonlinebusiness":{"connectionName":"shared-excelonlinebu-8bb9d28f-3deb-443a-ad42-269986063fe9","source":"Embedded","id":"/providers/Microsoft.PowerApps/apis/shared_excelonlinebusiness","tier":"NotSpecified","apiName":"excelonlinebusiness"}},"flowFailureAlertSubscribed":false,"isManaged":false}}